old_url,new_url
https://www.green-dvorik.ru/catalog/seedling/abrikos-chempion-severa/,https://green-courtyard.space/catalog/abrikos-chempion-severa
https://www.green-dvorik.ru/catalog/seedling/abrikos-chernyy-prints/,https://green-courtyard.space/catalog/abrikos-chernyy-prints
https://www.green-dvorik.ru/catalog/seedling/abrikos-krasnoschekiy/,https://green-courtyard.space/catalog/abrikos-krasnoschekiy
https://www.green-dvorik.ru/catalog/seedling/abrikos-michurinskiy/,https://green-courtyard.space/catalog/abrikos-michurinskiy
https://www.green-dvorik.ru/catalog/seedling/abrikos-morozostoykiy-triumf-severnyy/,https://green-courtyard.space/catalog/abrikos-morozostoykiy-triumf-severnyy
https://www.green-dvorik.ru/catalog/seedling/abrikos-pogremok/,https://green-courtyard.space/catalog/abrikos-pogremok
https://www.green-dvorik.ru/catalog/seedling/abrikos-ulyanihinskiy/,https://green-courtyard.space/catalog/abrikos-ulyanihinskiy
https://www.green-dvorik.ru/catalog/seedling/alycha-feeriya/,https://green-courtyard.space/catalog/alycha-feeriya
https://www.green-dvorik.ru/catalog/seedling/alycha-kolonovidnaya/,https://green-courtyard.space/catalog/alycha-kolonovidnaya
https://www.green-dvorik.ru/catalog/seedling/alycha-kubanskaya-kometa/,https://green-courtyard.space/catalog/alycha-kubanskaya-kometa
https://www.green-dvorik.ru/catalog/seedling/alycha-leningradskaya-zheltaya/,https://green-courtyard.space/catalog/alycha-leningradskaya-zheltaya
https://www.green-dvorik.ru/catalog/seedling/alycha-otsark/,https://green-courtyard.space/catalog/alycha-otsark
https://www.green-dvorik.ru/catalog/seedling/alycha-persikovaya/,https://green-courtyard.space/catalog/alycha-persikovaya
https://www.green-dvorik.ru/catalog/seedling/aroniya-na-shtambe/,https://green-courtyard.space/catalog/aroniya-na-shtambe
https://www.green-dvorik.ru/catalog/seedling/beresklet-shtamb-emirald-gold/,https://green-courtyard.space/catalog/beresklet-shtamb-emirald-gold
https://www.green-dvorik.ru/catalog/seedling/bereza-povislaya-yungi/,https://green-courtyard.space/catalog/bereza-povislaya-yungi
https://www.green-dvorik.ru/catalog/seedling/bessemyanka-michurinskaya/,https://green-courtyard.space/catalog/bessemyanka-michurinskaya
https://www.green-dvorik.ru/catalog/seedling/boyaryshnik-krovavo-krasnyy/,https://green-courtyard.space/catalog/boyaryshnik-krovavo-krasnyy
https://www.green-dvorik.ru/catalog/seedling/boyaryshnik-obyknovennyy-paul-skarlet/,https://green-courtyard.space/catalog/boyaryshnik-obyknovennyy-paul-skarlet
https://www.green-dvorik.ru/catalog/seedling/boyaryshnik-toba/,https://green-courtyard.space/catalog/boyaryshnik-toba
https://www.green-dvorik.ru/catalog/seedling/brusnika-sort-korall/,https://green-courtyard.space/catalog/brusnika-sort-korall
https://www.green-dvorik.ru/catalog/seedling/chereshnya-chernaya-leningradskaya/,https://green-courtyard.space/catalog/chereshnya-chernaya-leningradskaya
https://www.green-dvorik.ru/catalog/seedling/chereshnya-derevo-sad-michurinka-olenka-drogana-zheltaya/,https://green-courtyard.space/catalog/chereshnya-derevo-sad-michurinka-olenka-drogana-zheltaya
https://www.green-dvorik.ru/catalog/seedling/chereshnya-fatezh/,https://green-courtyard.space/catalog/chereshnya-fatezh
https://www.green-dvorik.ru/catalog/seedling/chereshnya-iput/,https://green-courtyard.space/catalog/chereshnya-iput
https://www.green-dvorik.ru/catalog/seedling/chereshnya-mulatka/,https://green-courtyard.space/catalog/chereshnya-mulatka
https://www.green-dvorik.ru/catalog/seedling/chereshnya-revna/,https://green-courtyard.space/catalog/chereshnya-revna
https://www.green-dvorik.ru/catalog/seedling/chereshnya-rondo/,https://green-courtyard.space/catalog/chereshnya-rondo
https://www.green-dvorik.ru/catalog/seedling/chereshnya-rossoshanskaya-zolotaya/,https://green-courtyard.space/catalog/chereshnya-rossoshanskaya-zolotaya
https://www.green-dvorik.ru/catalog/seedling/chereshnya-valeriy-chkalov/,https://green-courtyard.space/catalog/chereshnya-valeriy-chkalov
https://www.green-dvorik.ru/catalog/seedling/chereshnya-zheltaya-drogana/,https://green-courtyard.space/catalog/chereshnya-zheltaya-drogana
https://www.green-dvorik.ru/catalog/seedling/cherevishnya-chudo/,https://green-courtyard.space/catalog/cherevishnya-chudo
https://www.green-dvorik.ru/catalog/seedling/cherevishnya-dyuk-saratovskaya-malyshka/,https://green-courtyard.space/catalog/cherevishnya-dyuk-saratovskaya-malyshka
https://www.green-dvorik.ru/catalog/seedling/cherevishnya-fakel/,https://green-courtyard.space/catalog/cherevishnya-fakel
https://www.green-dvorik.ru/catalog/seedling/cherevishnya-ivanovna/,https://green-courtyard.space/catalog/cherevishnya-ivanovna
https://www.green-dvorik.ru/catalog/seedling/cherevishnya-zimostoykaya-nochka/,https://green-courtyard.space/catalog/cherevishnya-zimostoykaya-nochka
https://www.green-dvorik.ru/catalog/seedling/chernaya-smorodina-lentyay/,https://green-courtyard.space/catalog/chernaya-smorodina-lentyay
https://www.green-dvorik.ru/catalog/seedling/chernaya-smorodina-selechenskaya/,https://green-courtyard.space/catalog/chernaya-smorodina-selechenskaya
https://www.green-dvorik.ru/catalog/seedling/chrbrr/,https://green-courtyard.space/catalog/chrbrr
https://www.green-dvorik.ru/catalog/seedling/derevo-sad-chizhovskaya-lada-detskaya-/,https://green-courtyard.space/catalog/derevo-sad-chizhovskaya-lada-detskaya
https://www.green-dvorik.ru/catalog/seedling/derevo-sad-melba-grushovka-moskovskaya-belyy-naliv-/,https://green-courtyard.space/catalog/derevo-sad-melba-grushovka-moskovskaya-belyy-naliv
https://www.green-dvorik.ru/catalog/seedling/derevo-sad-osennyaya-yakovleva-prosto-mariya-karmen-/,https://green-courtyard.space/catalog/derevo-sad-osennyaya-yakovleva-prosto-mariya-karmen
https://www.green-dvorik.ru/catalog/seedling/diskus/,https://green-courtyard.space/catalog/diskus
https://www.green-dvorik.ru/catalog/seedling/el-brunek/,https://green-courtyard.space/catalog/el-brunek
https://www.green-dvorik.ru/catalog/seedling/el-fastigiata-/,https://green-courtyard.space/catalog/el-fastigiata
https://www.green-dvorik.ru/catalog/seedling/el-keybab/,https://green-courtyard.space/catalog/el-keybab
https://www.green-dvorik.ru/catalog/seedling/el-kolyuchaya-forma-golubaya/,https://green-courtyard.space/catalog/el-kolyuchaya-forma-golubaya
https://www.green-dvorik.ru/catalog/seedling/el-kolyuchaya-glauka/,https://green-courtyard.space/catalog/el-kolyuchaya-glauka
https://www.green-dvorik.ru/catalog/seedling/el-kolyuchaya-super-blyu-sidling/,https://green-courtyard.space/catalog/el-kolyuchaya-super-blyu-sidling
https://www.green-dvorik.ru/catalog/seedling/el-konika/,https://green-courtyard.space/catalog/el-konika
https://www.green-dvorik.ru/catalog/seedling/el-obyknovennaya/,https://green-courtyard.space/catalog/el-obyknovennaya
https://www.green-dvorik.ru/catalog/seedling/el-serbskaya/,https://green-courtyard.space/catalog/el-serbskaya
https://www.green-dvorik.ru/catalog/seedling/golubika-avrora/,https://green-courtyard.space/catalog/golubika-avrora
https://www.green-dvorik.ru/catalog/seedling/golubika-blyugold-novinka/,https://green-courtyard.space/catalog/golubika-blyugold-novinka
https://www.green-dvorik.ru/catalog/seedling/golubika-blyukrop/,https://green-courtyard.space/catalog/golubika-blyukrop
https://www.green-dvorik.ru/catalog/seedling/golubika-bonus/,https://green-courtyard.space/catalog/golubika-bonus
https://www.green-dvorik.ru/catalog/seedling/golubika-dyuk/,https://green-courtyard.space/catalog/golubika-dyuk
https://www.green-dvorik.ru/catalog/seedling/golubika-dzhersi/,https://green-courtyard.space/catalog/golubika-dzhersi
https://www.green-dvorik.ru/catalog/seedling/golubika-patriot/,https://green-courtyard.space/catalog/golubika-patriot
https://www.green-dvorik.ru/catalog/seedling/golubika-puri/,https://green-courtyard.space/catalog/golubika-puri
https://www.green-dvorik.ru/catalog/seedling/golubika-rannyaya-spartan/,https://green-courtyard.space/catalog/golubika-rannyaya-spartan
https://www.green-dvorik.ru/catalog/seedling/golubika-sadovaya-blukrop/,https://green-courtyard.space/catalog/golubika-sadovaya-blukrop
https://www.green-dvorik.ru/catalog/seedling/golubika-shantekler/,https://green-courtyard.space/catalog/golubika-shantekler
https://www.green-dvorik.ru/catalog/seedling/gortenziya-drevovidnaya-anabel-gortenziya-drevovidnaya-annabel-hydrangea-arborescens-annabelle/,https://green-courtyard.space/catalog/gortenziya-drevovidnaya-anabel-gortenziya-drevovidnaya-annabel-hydrangea-arborescens-annabelle
https://www.green-dvorik.ru/catalog/seedling/gortenziya-drevovidnaya-eco-pink-puff/,https://green-courtyard.space/catalog/gortenziya-drevovidnaya-eco-pink-puff
https://www.green-dvorik.ru/catalog/seedling/gortenziya-metelchataya-colorful-cocktail/,https://green-courtyard.space/catalog/gortenziya-metelchataya-colorful-cocktail
https://www.green-dvorik.ru/catalog/seedling/gortenziya-metelchataya-erli-senseyshn/,https://green-courtyard.space/catalog/gortenziya-metelchataya-erli-senseyshn
https://www.green-dvorik.ru/catalog/seedling/gortenziya-metelchataya-frayz-melba/,https://green-courtyard.space/catalog/gortenziya-metelchataya-frayz-melba
https://www.green-dvorik.ru/catalog/seedling/gortenziya-metelchataya-kendilayt/,https://green-courtyard.space/catalog/gortenziya-metelchataya-kendilayt
https://www.green-dvorik.ru/catalog/seedling/gortenziya-metelchataya-konfeti/,https://green-courtyard.space/catalog/gortenziya-metelchataya-konfeti
https://www.green-dvorik.ru/catalog/seedling/gortenziya-metelchataya-laymlayt/,https://green-courtyard.space/catalog/gortenziya-metelchataya-laymlayt
https://www.green-dvorik.ru/catalog/seedling/gortenziya-metelchataya-litl-laym/,https://green-courtyard.space/catalog/gortenziya-metelchataya-litl-laym
https://www.green-dvorik.ru/catalog/seedling/gortenziya-metelchataya-metallica/,https://green-courtyard.space/catalog/gortenziya-metelchataya-metallica
https://www.green-dvorik.ru/catalog/seedling/gortenziya-metelchataya-pink-daymont/,https://green-courtyard.space/catalog/gortenziya-metelchataya-pink-daymont
https://www.green-dvorik.ru/catalog/seedling/gortenziya-metelchataya-pinki-promis/,https://green-courtyard.space/catalog/gortenziya-metelchataya-pinki-promis
https://www.green-dvorik.ru/catalog/seedling/gortenziya-metelchataya-pinki-vinki/,https://green-courtyard.space/catalog/gortenziya-metelchataya-pinki-vinki
https://www.green-dvorik.ru/catalog/seedling/gortenziya-metelchataya-royal-flauers/,https://green-courtyard.space/catalog/gortenziya-metelchataya-royal-flauers
https://www.green-dvorik.ru/catalog/seedling/gortenziya-metelchataya-sandey-frayz/,https://green-courtyard.space/catalog/gortenziya-metelchataya-sandey-frayz
https://www.green-dvorik.ru/catalog/seedling/grusha-allegro/,https://green-courtyard.space/catalog/grusha-allegro
https://www.green-dvorik.ru/catalog/seedling/grusha-avgustovskaya-rosa/,https://green-courtyard.space/catalog/grusha-avgustovskaya-rosa
https://www.green-dvorik.ru/catalog/seedling/grusha-belorusskaya-pozdnyaya/,https://green-courtyard.space/catalog/grusha-belorusskaya-pozdnyaya
https://www.green-dvorik.ru/catalog/seedling/grusha-chizhovskaya/,https://green-courtyard.space/catalog/grusha-chizhovskaya
https://www.green-dvorik.ru/catalog/seedling/grusha-desertnaya/,https://green-courtyard.space/catalog/grusha-desertnaya
https://www.green-dvorik.ru/catalog/seedling/grusha-detskaya-/,https://green-courtyard.space/catalog/grusha-detskaya
https://www.green-dvorik.ru/catalog/seedling/grusha-dyushes-vilyams/,https://green-courtyard.space/catalog/grusha-dyushes-vilyams
https://www.green-dvorik.ru/catalog/seedling/grusha-elena/,https://green-courtyard.space/catalog/grusha-elena
https://www.green-dvorik.ru/catalog/seedling/grusha-feeriya/,https://green-courtyard.space/catalog/grusha-feeriya
https://www.green-dvorik.ru/catalog/seedling/grusha-kokinskaya/,https://green-courtyard.space/catalog/grusha-kokinskaya
https://www.green-dvorik.ru/catalog/seedling/grusha-krasavitsa-chernenko/,https://green-courtyard.space/catalog/grusha-krasavitsa-chernenko
https://www.green-dvorik.ru/catalog/seedling/grusha-lada/,https://green-courtyard.space/catalog/grusha-lada
https://www.green-dvorik.ru/catalog/seedling/grusha-lyubimica-yakovleva/,https://green-courtyard.space/catalog/grusha-lyubimica-yakovleva
https://www.green-dvorik.ru/catalog/seedling/grusha-lyubimitsa-michurina/,https://green-courtyard.space/catalog/grusha-lyubimitsa-michurina
https://www.green-dvorik.ru/catalog/seedling/grusha-mramornaya/,https://green-courtyard.space/catalog/grusha-mramornaya
https://www.green-dvorik.ru/catalog/seedling/grusha-osennyaya-yakovleva/,https://green-courtyard.space/catalog/grusha-osennyaya-yakovleva
https://www.green-dvorik.ru/catalog/seedling/grusha-pamyat-yakovleva/,https://green-courtyard.space/catalog/grusha-pamyat-yakovleva
https://www.green-dvorik.ru/catalog/seedling/grusha-pribaltiyskaya-maslyanistaya/,https://green-courtyard.space/catalog/grusha-pribaltiyskaya-maslyanistaya
https://www.green-dvorik.ru/catalog/seedling/grusha-prosto-mariya-/,https://green-courtyard.space/catalog/grusha-prosto-mariya
https://www.green-dvorik.ru/catalog/seedling/grusha-russkaya-krasavitsa/,https://green-courtyard.space/catalog/grusha-russkaya-krasavitsa
https://www.green-dvorik.ru/catalog/seedling/grusha-svetlyanka/,https://green-courtyard.space/catalog/grusha-svetlyanka
https://www.green-dvorik.ru/catalog/seedling/grusha-yakovlevskaya/,https://green-courtyard.space/catalog/grusha-yakovlevskaya
https://www.green-dvorik.ru/catalog/seedling/irga-kolosistaya/,https://green-courtyard.space/catalog/irga-kolosistaya
https://www.green-dvorik.ru/catalog/seedling/iva-khakuro-nishiki/,https://green-courtyard.space/catalog/iva-khakuro-nishiki
https://www.green-dvorik.ru/catalog/seedling/iva-kozya-shtamb/,https://green-courtyard.space/catalog/iva-kozya-shtamb
https://www.green-dvorik.ru/catalog/seedling/iva-pletenaya/,https://green-courtyard.space/catalog/iva-pletenaya
https://www.green-dvorik.ru/catalog/seedling/kalina-obyknovennaya/,https://green-courtyard.space/catalog/kalina-obyknovennaya
https://www.green-dvorik.ru/catalog/seedling/kalina-obyknovennaya-buldenezh/,https://green-courtyard.space/catalog/kalina-obyknovennaya-buldenezh
https://www.green-dvorik.ru/catalog/seedling/kashtan-konskiy-obyknovennyy/,https://green-courtyard.space/catalog/kashtan-konskiy-obyknovennyy
https://www.green-dvorik.ru/catalog/seedling/kashtan-konsky/,https://green-courtyard.space/catalog/kashtan-konsky
https://www.green-dvorik.ru/catalog/seedling/klen-ginala/,https://green-courtyard.space/catalog/klen-ginala
https://www.green-dvorik.ru/catalog/seedling/klen-karnaval/,https://green-courtyard.space/catalog/klen-karnaval
https://www.green-dvorik.ru/catalog/seedling/klen-ostrolistnyy-royal-red-shtamb-/,https://green-courtyard.space/catalog/klen-ostrolistnyy-royal-red-shtamb
https://www.green-dvorik.ru/catalog/seedling/konfetnoe/,https://green-courtyard.space/catalog/konfetnoe
https://www.green-dvorik.ru/catalog/seedling/korichnoe/,https://green-courtyard.space/catalog/korichnoe
https://www.green-dvorik.ru/catalog/seedling/kryzhovnik-chernomor/,https://green-courtyard.space/catalog/kryzhovnik-chernomor
https://www.green-dvorik.ru/catalog/seedling/kryzhovnik-grossulyar/,https://green-courtyard.space/catalog/kryzhovnik-grossulyar
https://www.green-dvorik.ru/catalog/seedling/kryzhovnik-grushenka/,https://green-courtyard.space/catalog/kryzhovnik-grushenka
https://www.green-dvorik.ru/catalog/seedling/kryzhovnik-kolobok/,https://green-courtyard.space/catalog/kryzhovnik-kolobok
https://www.green-dvorik.ru/catalog/seedling/kryzhovnik-komandor/,https://green-courtyard.space/catalog/kryzhovnik-komandor
https://www.green-dvorik.ru/catalog/seedling/kryzhovnik-krasnoslavyanskiy/,https://green-courtyard.space/catalog/kryzhovnik-krasnoslavyanskiy
https://www.green-dvorik.ru/catalog/seedling/kryzhovnik-srednespelyy-senator/,https://green-courtyard.space/catalog/kryzhovnik-srednespelyy-senator
https://www.green-dvorik.ru/catalog/seedling/kryzhovnik-uralskiy-besshipnyy/,https://green-courtyard.space/catalog/kryzhovnik-uralskiy-besshipnyy
https://www.green-dvorik.ru/catalog/seedling/kryzhovnik-yubileynyy/,https://green-courtyard.space/catalog/kryzhovnik-yubileynyy
https://www.green-dvorik.ru/catalog/seedling/kryzhovnik-yubilyar/,https://green-courtyard.space/catalog/kryzhovnik-yubilyar
https://www.green-dvorik.ru/catalog/seedling/leshchina-obyknovennaya/,https://green-courtyard.space/catalog/leshchina-obyknovennaya
https://www.green-dvorik.ru/catalog/seedling/leshchina-obyknovennaya-purpurea/,https://green-courtyard.space/catalog/leshchina-obyknovennaya-purpurea
https://www.green-dvorik.ru/catalog/seedling/listvennitsa-evropeyskaya-pendula-shtamb/,https://green-courtyard.space/catalog/listvennitsa-evropeyskaya-pendula-shtamb
https://www.green-dvorik.ru/catalog/seedling/malina-krupnoplodnaya-gigant-moskovskiy/,https://green-courtyard.space/catalog/malina-krupnoplodnaya-gigant-moskovskiy
https://www.green-dvorik.ru/catalog/seedling/malina-obyknovennaya-balzam/,https://green-courtyard.space/catalog/malina-obyknovennaya-balzam
https://www.green-dvorik.ru/catalog/seedling/malina-obyknovennaya-gusar/,https://green-courtyard.space/catalog/malina-obyknovennaya-gusar
https://www.green-dvorik.ru/catalog/seedling/malina-obyknovennaya-nagrada/,https://green-courtyard.space/catalog/malina-obyknovennaya-nagrada
https://www.green-dvorik.ru/catalog/seedling/malina-obyknovennaya-skromnica/,https://green-courtyard.space/catalog/malina-obyknovennaya-skromnica
https://www.green-dvorik.ru/catalog/seedling/malina-remontantnaya-abrikosovaya/,https://green-courtyard.space/catalog/malina-remontantnaya-abrikosovaya
https://www.green-dvorik.ru/catalog/seedling/malina-remontantnaya-brilliant/,https://green-courtyard.space/catalog/malina-remontantnaya-brilliant
https://www.green-dvorik.ru/catalog/seedling/malina-remontantnaya-bryanskoe-divo/,https://green-courtyard.space/catalog/malina-remontantnaya-bryanskoe-divo
https://www.green-dvorik.ru/catalog/seedling/malina-remontantnaya-evraziya/,https://green-courtyard.space/catalog/malina-remontantnaya-evraziya
https://www.green-dvorik.ru/catalog/seedling/malina-remontantnaya-gerakl/,https://green-courtyard.space/catalog/malina-remontantnaya-gerakl
https://www.green-dvorik.ru/catalog/seedling/malina-remontantnaya-krepysh/,https://green-courtyard.space/catalog/malina-remontantnaya-krepysh
https://www.green-dvorik.ru/catalog/seedling/malina-remontantnaya-polana/,https://green-courtyard.space/catalog/malina-remontantnaya-polana
https://www.green-dvorik.ru/catalog/seedling/malina-remontantnaya-samorodok/,https://green-courtyard.space/catalog/malina-remontantnaya-samorodok
https://www.green-dvorik.ru/catalog/seedling/malina-remontantnaya-skazka/,https://green-courtyard.space/catalog/malina-remontantnaya-skazka
https://www.green-dvorik.ru/catalog/seedling/malina-remontantnaya-tarusa/,https://green-courtyard.space/catalog/malina-remontantnaya-tarusa
https://www.green-dvorik.ru/catalog/seedling/malina-remontantnaya-zeva-kherbsternt/,https://green-courtyard.space/catalog/malina-remontantnaya-zeva-kherbsternt
https://www.green-dvorik.ru/catalog/seedling/malina-sladkaya-karamelka/,https://green-courtyard.space/catalog/malina-sladkaya-karamelka
https://www.green-dvorik.ru/catalog/seedling/mindal-snega-uimury/,https://green-courtyard.space/catalog/mindal-snega-uimury
https://www.green-dvorik.ru/catalog/seedling/mozhzhevelnik-cheshuychatyy-tropikal-blyu/,https://green-courtyard.space/catalog/mozhzhevelnik-cheshuychatyy-tropikal-blyu
https://www.green-dvorik.ru/catalog/seedling/mozhzhevelnik-lemon-karpet/,https://green-courtyard.space/catalog/mozhzhevelnik-lemon-karpet
https://www.green-dvorik.ru/catalog/seedling/mozhzhevelnik-metkhot/,https://green-courtyard.space/catalog/mozhzhevelnik-metkhot
https://www.green-dvorik.ru/catalog/seedling/mozhzhevelnik-tropikal-blyu/,https://green-courtyard.space/catalog/mozhzhevelnik-tropikal-blyu
https://www.green-dvorik.ru/catalog/seedling/oblepikha-%20botanicheskaya/,https://green-courtyard.space/catalog/oblepikha-botanicheskaya
https://www.green-dvorik.ru/catalog/seedling/oblepikha-altayskaya/,https://green-courtyard.space/catalog/oblepikha-altayskaya
https://www.green-dvorik.ru/catalog/seedling/oblepikha-avgustina/,https://green-courtyard.space/catalog/oblepikha-avgustina
https://www.green-dvorik.ru/catalog/seedling/pikhta-alrina-star/,https://green-courtyard.space/catalog/pikhta-alrina-star
https://www.green-dvorik.ru/catalog/seedling/puzyreplodnik-kalinolistnyy-diabl-d-or/,https://green-courtyard.space/catalog/puzyreplodnik-kalinolistnyy-diabl-d-or
https://www.green-dvorik.ru/catalog/seedling/puzyreplodnik-lyuteus/,https://green-courtyard.space/catalog/puzyreplodnik-lyuteus
https://www.green-dvorik.ru/catalog/seedling/rododendron-bridzhit/,https://green-courtyard.space/catalog/rododendron-bridzhit
https://www.green-dvorik.ru/catalog/seedling/rododendron-elsi-strever/,https://green-courtyard.space/catalog/rododendron-elsi-strever
https://www.green-dvorik.ru/catalog/seedling/rododendron-grandiflorum/,https://green-courtyard.space/catalog/rododendron-grandiflorum
https://www.green-dvorik.ru/catalog/seedling/rododendron-kosmopoliten/,https://green-courtyard.space/catalog/rododendron-kosmopoliten
https://www.green-dvorik.ru/catalog/seedling/rododendron-nova-zembla/,https://green-courtyard.space/catalog/rododendron-nova-zembla
https://www.green-dvorik.ru/catalog/seedling/rododendron-rasputin/,https://green-courtyard.space/catalog/rododendron-rasputin
https://www.green-dvorik.ru/catalog/seedling/rododendron-vladislav-yagello/,https://green-courtyard.space/catalog/rododendron-vladislav-yagello
https://www.green-dvorik.ru/catalog/seedling/ryabina/,https://green-courtyard.space/catalog/ryabina
https://www.green-dvorik.ru/catalog/seedling/ryabina-businka/,https://green-courtyard.space/catalog/ryabina-businka
https://www.green-dvorik.ru/catalog/seedling/ryabina-desertnaya-michurina/,https://green-courtyard.space/catalog/ryabina-desertnaya-michurina
https://www.green-dvorik.ru/catalog/seedling/ryabina-dodong/,https://green-courtyard.space/catalog/ryabina-dodong
https://www.green-dvorik.ru/catalog/seedling/ryabina-likernaya/,https://green-courtyard.space/catalog/ryabina-likernaya
https://www.green-dvorik.ru/catalog/seedling/ryabina-obyknovennaya-skazochnaya/,https://green-courtyard.space/catalog/ryabina-obyknovennaya-skazochnaya
https://www.green-dvorik.ru/catalog/seedling/ryabina-sadovaya-desertnaya/,https://green-courtyard.space/catalog/ryabina-sadovaya-desertnaya
https://www.green-dvorik.ru/catalog/seedling/ryabina-sadovaya-granatnaya/,https://green-courtyard.space/catalog/ryabina-sadovaya-granatnaya
https://www.green-dvorik.ru/catalog/seedling/ryabina-sadovaya-nevezhinskaya/,https://green-courtyard.space/catalog/ryabina-sadovaya-nevezhinskaya
https://www.green-dvorik.ru/catalog/seedling/ryabina-sadovaya-titan/,https://green-courtyard.space/catalog/ryabina-sadovaya-titan
https://www.green-dvorik.ru/catalog/seedling/ryabina-sorbinka/,https://green-courtyard.space/catalog/ryabina-sorbinka
https://www.green-dvorik.ru/catalog/seedling/sajbuz/,https://green-courtyard.space/catalog/sajbuz
https://www.green-dvorik.ru/catalog/seedling/sazhency-aktinidii/,https://green-courtyard.space/catalog/sazhency-aktinidii
https://www.green-dvorik.ru/catalog/seedling/sazhency-irgi/,https://green-courtyard.space/catalog/sazhency-irgi
https://www.green-dvorik.ru/catalog/seedling/sharafuga-velvet-sanrayz/,https://green-courtyard.space/catalog/sharafuga-velvet-sanrayz
https://www.green-dvorik.ru/catalog/seedling/shelkovica/,https://green-courtyard.space/catalog/shelkovica
https://www.green-dvorik.ru/catalog/seedling/shelkovitsa-belaya-radost/,https://green-courtyard.space/catalog/shelkovitsa-belaya-radost
https://www.green-dvorik.ru/catalog/seedling/shelkovitsa-plakuchaya/,https://green-courtyard.space/catalog/shelkovitsa-plakuchaya
https://www.green-dvorik.ru/catalog/seedling/siren-na-shtambe-ogni-donbassa/,https://green-courtyard.space/catalog/siren-na-shtambe-ogni-donbassa
https://www.green-dvorik.ru/catalog/seedling/siren-na-shtambe-primrouz/,https://green-courtyard.space/catalog/siren-na-shtambe-primrouz
https://www.green-dvorik.ru/catalog/seedling/siren-na-shtambe-sensatsiya/,https://green-courtyard.space/catalog/siren-na-shtambe-sensatsiya
https://www.green-dvorik.ru/catalog/seedling/siren-nina/,https://green-courtyard.space/catalog/siren-nina
https://www.green-dvorik.ru/catalog/seedling/siren-palibin/,https://green-courtyard.space/catalog/siren-palibin
https://www.green-dvorik.ru/catalog/seedling/siren-pavlinka/,https://green-courtyard.space/catalog/siren-pavlinka
https://www.green-dvorik.ru/catalog/seedling/siren-primrouz/,https://green-courtyard.space/catalog/siren-primrouz
https://www.green-dvorik.ru/catalog/seedling/siren-sevastopalskiy-vals/,https://green-courtyard.space/catalog/siren-sevastopalskiy-vals
https://www.green-dvorik.ru/catalog/seedling/siren-vengerskaya/,https://green-courtyard.space/catalog/siren-vengerskaya
https://www.green-dvorik.ru/catalog/seedling/siren-violetta/,https://green-courtyard.space/catalog/siren-violetta
https://www.green-dvorik.ru/catalog/seedling/sliva-berbank-gigant-/,https://green-courtyard.space/catalog/sliva-berbank-gigant
https://www.green-dvorik.ru/catalog/seedling/sliva-bogatyrskaya/,https://green-courtyard.space/catalog/sliva-bogatyrskaya
https://www.green-dvorik.ru/catalog/seedling/sliva-ehtyud/,https://green-courtyard.space/catalog/sliva-ehtyud
https://www.green-dvorik.ru/catalog/seedling/sliva-evraziya-21/,https://green-courtyard.space/catalog/sliva-evraziya-21
https://www.green-dvorik.ru/catalog/seedling/sliva-konfetnaya/,https://green-courtyard.space/catalog/sliva-konfetnaya
https://www.green-dvorik.ru/catalog/seedling/sliva-krupnaya-zheltaya/,https://green-courtyard.space/catalog/sliva-krupnaya-zheltaya
https://www.green-dvorik.ru/catalog/seedling/sliva-orlovskiy-suvenir/,https://green-courtyard.space/catalog/sliva-orlovskiy-suvenir
https://www.green-dvorik.ru/catalog/seedling/sliva-renklod-rozovyy/,https://green-courtyard.space/catalog/sliva-renklod-rozovyy
https://www.green-dvorik.ru/catalog/seedling/sliva-svetlyachok/,https://green-courtyard.space/catalog/sliva-svetlyachok
https://www.green-dvorik.ru/catalog/seedling/sliva-vengerka-moskovskaya/,https://green-courtyard.space/catalog/sliva-vengerka-moskovskaya
https://www.green-dvorik.ru/catalog/seedling/sliva-yaichnaya-zheltaya/,https://green-courtyard.space/catalog/sliva-yaichnaya-zheltaya
https://www.green-dvorik.ru/catalog/seedling/sliva-zarechnaya-rannyaya/,https://green-courtyard.space/catalog/sliva-zarechnaya-rannyaya
https://www.green-dvorik.ru/catalog/seedling/smorodina-belaya-versalskaya/,https://green-courtyard.space/catalog/smorodina-belaya-versalskaya
https://www.green-dvorik.ru/catalog/seedling/smorodina-chernaya-bagira/,https://green-courtyard.space/catalog/smorodina-chernaya-bagira
https://www.green-dvorik.ru/catalog/seedling/smorodina-chernaya-belorusskaya-sladkaya/,https://green-courtyard.space/catalog/smorodina-chernaya-belorusskaya-sladkaya
https://www.green-dvorik.ru/catalog/seedling/smorodina-chernaya-selechenskaya/,https://green-courtyard.space/catalog/smorodina-chernaya-selechenskaya
https://www.green-dvorik.ru/catalog/seedling/smorodina-chernaya-selechinskaya/,https://green-courtyard.space/catalog/smorodina-chernaya-selechinskaya
https://www.green-dvorik.ru/catalog/seedling/smorodina-chernaya-tatyanin-den/,https://green-courtyard.space/catalog/smorodina-chernaya-tatyanin-den
https://www.green-dvorik.ru/catalog/seedling/smorodina-chernaya-yadrenaya/,https://green-courtyard.space/catalog/smorodina-chernaya-yadrenaya
https://www.green-dvorik.ru/catalog/seedling/smorodina-chernaya-zelenaya-dymka/,https://green-courtyard.space/catalog/smorodina-chernaya-zelenaya-dymka
https://www.green-dvorik.ru/catalog/seedling/smorodina-chernaya-zusha/,https://green-courtyard.space/catalog/smorodina-chernaya-zusha
https://www.green-dvorik.ru/catalog/seedling/smorodina-chyornaya-chyornyy-zhemchug/,https://green-courtyard.space/catalog/smorodina-chyornaya-chyornyy-zhemchug
https://www.green-dvorik.ru/catalog/seedling/smorodina-chyornaya-gulliver/,https://green-courtyard.space/catalog/smorodina-chyornaya-gulliver
https://www.green-dvorik.ru/catalog/seedling/smorodina-chyornaya-orlovskiy-vals/,https://green-courtyard.space/catalog/smorodina-chyornaya-orlovskiy-vals
https://www.green-dvorik.ru/catalog/seedling/smorodina-chyornaya-perun/,https://green-courtyard.space/catalog/smorodina-chyornaya-perun
https://www.green-dvorik.ru/catalog/seedling/smorodina-gollandskaya/,https://green-courtyard.space/catalog/smorodina-gollandskaya
https://www.green-dvorik.ru/catalog/seedling/smorodina-granatnaya/,https://green-courtyard.space/catalog/smorodina-granatnaya
https://www.green-dvorik.ru/catalog/seedling/smorodina-krasnaya-andreychenko/,https://green-courtyard.space/catalog/smorodina-krasnaya-andreychenko
https://www.green-dvorik.ru/catalog/seedling/smorodina-krasnaya-dzhonker-van-tets/,https://green-courtyard.space/catalog/smorodina-krasnaya-dzhonker-van-tets
https://www.green-dvorik.ru/catalog/seedling/smorodina-krasnaya-natali/,https://green-courtyard.space/catalog/smorodina-krasnaya-natali
https://www.green-dvorik.ru/catalog/seedling/smorodina-krasnaya-nenaglyadnaya/,https://green-courtyard.space/catalog/smorodina-krasnaya-nenaglyadnaya
https://www.green-dvorik.ru/catalog/seedling/smorodina-krasnaya-rondom/,https://green-courtyard.space/catalog/smorodina-krasnaya-rondom
https://www.green-dvorik.ru/catalog/seedling/smorodina-muskat-rozovyy/,https://green-courtyard.space/catalog/smorodina-muskat-rozovyy
https://www.green-dvorik.ru/catalog/seedling/smorodina-zelenaya-snezhnaya-koroleva/,https://green-courtyard.space/catalog/smorodina-zelenaya-snezhnaya-koroleva
https://www.green-dvorik.ru/catalog/seedling/smorodina-zheltaya-imperatorskaya/,https://green-courtyard.space/catalog/smorodina-zheltaya-imperatorskaya
https://www.green-dvorik.ru/catalog/seedling/smorodina-zolotistaya-dragunskaya/,https://green-courtyard.space/catalog/smorodina-zolotistaya-dragunskaya
https://www.green-dvorik.ru/catalog/seedling/sosna-gornaya-dzhezek-shtamb-/,https://green-courtyard.space/catalog/sosna-gornaya-dzhezek-shtamb
https://www.green-dvorik.ru/catalog/seedling/sosna-gornaya-karstens-vintergold/,https://green-courtyard.space/catalog/sosna-gornaya-karstens-vintergold
https://www.green-dvorik.ru/catalog/seedling/sosna-gornaya-mugus/,https://green-courtyard.space/catalog/sosna-gornaya-mugus
https://www.green-dvorik.ru/catalog/seedling/sosna-karsten/,https://green-courtyard.space/catalog/sosna-karsten
https://www.green-dvorik.ru/catalog/seedling/sosna-nana-balkanika-aureya/,https://green-courtyard.space/catalog/sosna-nana-balkanika-aureya
https://www.green-dvorik.ru/catalog/seedling/spireya-seraya-spiraea-cinerea-grefsheim/,https://green-courtyard.space/catalog/spireya-seraya-spiraea-cinerea-grefsheim
https://www.green-dvorik.ru/catalog/seedling/tis-sredniy-khiksi/,https://green-courtyard.space/catalog/tis-sredniy-khiksi
https://www.green-dvorik.ru/catalog/seedling/tuya/,https://green-courtyard.space/catalog/tuya
https://www.green-dvorik.ru/catalog/seedling/tuya-danika/,https://green-courtyard.space/catalog/tuya-danika
https://www.green-dvorik.ru/catalog/seedling/tuya-karlikovaya-sharoobraznaya-khozeri/,https://green-courtyard.space/catalog/tuya-karlikovaya-sharoobraznaya-khozeri
https://www.green-dvorik.ru/catalog/seedling/tuya-zapadnaya-globoza/,https://green-courtyard.space/catalog/tuya-zapadnaya-globoza
https://www.green-dvorik.ru/catalog/seedling/tuya-zapadnaya-svaragd/,https://green-courtyard.space/catalog/tuya-zapadnaya-svaragd
https://www.green-dvorik.ru/catalog/seedling/tyibra/,https://green-courtyard.space/catalog/tyibra
https://www.green-dvorik.ru/catalog/seedling/tyigog/,https://green-courtyard.space/catalog/tyigog
https://www.green-dvorik.ru/catalog/seedling/vinograd-rozovyy-zhemchug/,https://green-courtyard.space/catalog/vinograd-rozovyy-zhemchug
https://www.green-dvorik.ru/catalog/seedling/vishnya-chyornaya-krupnoplodnaya/,https://green-courtyard.space/catalog/vishnya-chyornaya-krupnoplodnaya
https://www.green-dvorik.ru/catalog/seedling/vishnya-desertnaya-morozovoy/,https://green-courtyard.space/catalog/vishnya-desertnaya-morozovoy
https://www.green-dvorik.ru/catalog/seedling/vishnya-dyuk-saratovskaya-malyshka/,https://green-courtyard.space/catalog/vishnya-dyuk-saratovskaya-malyshka
https://www.green-dvorik.ru/catalog/seedling/vishnya-haritonovskaya/,https://green-courtyard.space/catalog/vishnya-haritonovskaya
https://www.green-dvorik.ru/catalog/seedling/vishnya-lyubskaya/,https://green-courtyard.space/catalog/vishnya-lyubskaya
https://www.green-dvorik.ru/catalog/seedling/vishnya-molodyozhnaya/,https://green-courtyard.space/catalog/vishnya-molodyozhnaya
https://www.green-dvorik.ru/catalog/seedling/vishnya-morozovka/,https://green-courtyard.space/catalog/vishnya-morozovka
https://www.green-dvorik.ru/catalog/seedling/vishnya-prima/,https://green-courtyard.space/catalog/vishnya-prima
https://www.green-dvorik.ru/catalog/seedling/vishnya-shokoladnica/,https://green-courtyard.space/catalog/vishnya-shokoladnica
https://www.green-dvorik.ru/catalog/seedling/vishnya-turgenevskaya/,https://green-courtyard.space/catalog/vishnya-turgenevskaya
https://www.green-dvorik.ru/catalog/seedling/vishnya-zhukovskaya/,https://green-courtyard.space/catalog/vishnya-zhukovskaya
https://www.green-dvorik.ru/catalog/seedling/yabkzr/,https://green-courtyard.space/catalog/yabkzr
https://www.green-dvorik.ru/catalog/seedling/yablonya-antonovka-zolotistaya/,https://green-courtyard.space/catalog/yablonya-antonovka-zolotistaya
https://www.green-dvorik.ru/catalog/seedling/yablonya-belfler-kitayka/,https://green-courtyard.space/catalog/yablonya-belfler-kitayka
https://www.green-dvorik.ru/catalog/seedling/yablonya-belyy-naliv-papirovka/,https://green-courtyard.space/catalog/yablonya-belyy-naliv-papirovka
https://www.green-dvorik.ru/catalog/seedling/yablonya-berkutovskoe%202/,https://green-courtyard.space/catalog/yablonya-berkutovskoe-2
https://www.green-dvorik.ru/catalog/seedling/yablonya-bessemyanka-michurinskaya/,https://green-courtyard.space/catalog/yablonya-bessemyanka-michurinskaya
https://www.green-dvorik.ru/catalog/seedling/yablonya-bogatyr/,https://green-courtyard.space/catalog/yablonya-bogatyr
https://www.green-dvorik.ru/catalog/seedling/yablonya-bolotovskoe/,https://green-courtyard.space/catalog/yablonya-bolotovskoe
https://www.green-dvorik.ru/catalog/seedling/yablonya-derevo-sad-antonovka-orlinka/,https://green-courtyard.space/catalog/yablonya-derevo-sad-antonovka-orlinka
https://www.green-dvorik.ru/catalog/seedling/yablonya-derevo-sad-medunitsa-aport/,https://green-courtyard.space/catalog/yablonya-derevo-sad-medunitsa-aport
https://www.green-dvorik.ru/catalog/seedling/yablonya-derevo-sad-melba-konfetnoe/,https://green-courtyard.space/catalog/yablonya-derevo-sad-melba-konfetnoe
https://www.green-dvorik.ru/catalog/seedling/yablonya-derevo-sad-orlinka-konfetnoe/,https://green-courtyard.space/catalog/yablonya-derevo-sad-orlinka-konfetnoe
https://www.green-dvorik.ru/catalog/seedling/yablonya-derevo-sad-orlovim-konfetnoe/,https://green-courtyard.space/catalog/yablonya-derevo-sad-orlovim-konfetnoe
https://www.green-dvorik.ru/catalog/seedling/yablonya-grushovka-moskovskaya/,https://green-courtyard.space/catalog/yablonya-grushovka-moskovskaya
https://www.green-dvorik.ru/catalog/seedling/yablonya-kandil-orlovskogo%201/,https://green-courtyard.space/catalog/yablonya-kandil-orlovskogo-1
https://www.green-dvorik.ru/catalog/seedling/yablonya-kitayka-dolgo/,https://green-courtyard.space/catalog/yablonya-kitayka-dolgo
https://www.green-dvorik.ru/catalog/seedling/yablonya-krasnoe-rannee/,https://green-courtyard.space/catalog/yablonya-krasnoe-rannee
https://www.green-dvorik.ru/catalog/seedling/yablonya-ligol/,https://green-courtyard.space/catalog/yablonya-ligol
https://www.green-dvorik.ru/catalog/seedling/yablonya-lobo/,https://green-courtyard.space/catalog/yablonya-lobo
https://www.green-dvorik.ru/catalog/seedling/yablonya-mantet/,https://green-courtyard.space/catalog/yablonya-mantet
https://www.green-dvorik.ru/catalog/seedling/yablonya-mechta/,https://green-courtyard.space/catalog/yablonya-mechta
https://www.green-dvorik.ru/catalog/seedling/yablonya-medunica/,https://green-courtyard.space/catalog/yablonya-medunica
https://www.green-dvorik.ru/catalog/seedling/yablonya-melba/,https://green-courtyard.space/catalog/yablonya-melba
https://www.green-dvorik.ru/catalog/seedling/yablonya-melba-krasnaya-melba-red-/,https://green-courtyard.space/catalog/yablonya-melba-krasnaya-melba-red
https://www.green-dvorik.ru/catalog/seedling/yablonya-nedzvetskogo/,https://green-courtyard.space/catalog/yablonya-nedzvetskogo
https://www.green-dvorik.ru/catalog/seedling/yablonya-ola/,https://green-courtyard.space/catalog/yablonya-ola
https://www.green-dvorik.ru/catalog/seedling/yablonya-pepin-shafrannyy/,https://green-courtyard.space/catalog/yablonya-pepin-shafrannyy
https://www.green-dvorik.ru/catalog/seedling/yablonya-red-fri/,https://green-courtyard.space/catalog/yablonya-red-fri
https://www.green-dvorik.ru/catalog/seedling/yablonya-red-sentinel/,https://green-courtyard.space/catalog/yablonya-red-sentinel
https://www.green-dvorik.ru/catalog/seedling/yablonya-royalti/,https://green-courtyard.space/catalog/yablonya-royalti
https://www.green-dvorik.ru/catalog/seedling/yablonya-rozhdestvenskoe-zimnee/,https://green-courtyard.space/catalog/yablonya-rozhdestvenskoe-zimnee
https://www.green-dvorik.ru/catalog/seedling/yablonya-rozovyy-naliv/,https://green-courtyard.space/catalog/yablonya-rozovyy-naliv
https://www.green-dvorik.ru/catalog/seedling/yablonya-rudolf/,https://green-courtyard.space/catalog/yablonya-rudolf
https://www.green-dvorik.ru/catalog/seedling/yablonya-sakharnyy-arkad/,https://green-courtyard.space/catalog/yablonya-sakharnyy-arkad
https://www.green-dvorik.ru/catalog/seedling/yablonya-sinap-orlovskiy/,https://green-courtyard.space/catalog/yablonya-sinap-orlovskiy
https://www.green-dvorik.ru/catalog/seedling/yablonya-slavyanka/,https://green-courtyard.space/catalog/yablonya-slavyanka
https://www.green-dvorik.ru/catalog/seedling/yablonya-spartan/,https://green-courtyard.space/catalog/yablonya-spartan
https://www.green-dvorik.ru/catalog/seedling/yablonya-svezhest/,https://green-courtyard.space/catalog/yablonya-svezhest
https://www.green-dvorik.ru/catalog/seedling/yablonya-uralskoe-nalivnoe/,https://green-courtyard.space/catalog/yablonya-uralskoe-nalivnoe
https://www.green-dvorik.ru/catalog/seedling/yablonya-uspenskoe/,https://green-courtyard.space/catalog/yablonya-uspenskoe
https://www.green-dvorik.ru/catalog/seedling/yablonya-vishnyovoe/,https://green-courtyard.space/catalog/yablonya-vishnyovoe
https://www.green-dvorik.ru/catalog/seedling/yablonya-zhigulyovskoe/,https://green-courtyard.space/catalog/yablonya-zhigulyovskoe
https://www.green-dvorik.ru/catalog/seedling/yabmar/,https://green-courtyard.space/catalog/yabmar
https://www.green-dvorik.ru/catalog/seedling/yaborl/,https://green-courtyard.space/catalog/yaborl
https://www.green-dvorik.ru/catalog/seedling/yaborp/,https://green-courtyard.space/catalog/yaborp
https://www.green-dvorik.ru/catalog/seedling/yabsht/,https://green-courtyard.space/catalog/yabsht
https://www.green-dvorik.ru/catalog/seedling/yabsis/,https://green-courtyard.space/catalog/yabsis
https://www.green-dvorik.ru/catalog/seedling/yabstr/,https://green-courtyard.space/catalog/yabstr
https://www.green-dvorik.ru/catalog/seedling/yabven/,https://green-courtyard.space/catalog/yabven
https://www.green-dvorik.ru/catalog/seedling/yabvet/,https://green-courtyard.space/catalog/yabvet
https://www.green-dvorik.ru/catalog/seedling/yabyel/,https://green-courtyard.space/catalog/yabyel
https://www.green-dvorik.ru/catalog/seedling/zhasmin-chubushnik-ellou-khill/,https://green-courtyard.space/catalog/zhasmin-chubushnik-ellou-khill
https://www.green-dvorik.ru/catalog/seedling/zhasmin-chubushnik-venechnyy/,https://green-courtyard.space/catalog/zhasmin-chubushnik-venechnyy
https://www.green-dvorik.ru/catalog/seedling/zhasmin-virdzhinal/,https://green-courtyard.space/catalog/zhasmin-virdzhinal
https://www.green-dvorik.ru/catalog/seedling/zhimolost-amfora/,https://green-courtyard.space/catalog/zhimolost-amfora
https://www.green-dvorik.ru/catalog/seedling/zhimolost-karina-3-goda-/,https://green-courtyard.space/catalog/zhimolost-karina-3-goda
https://www.green-dvorik.ru/catalog/seedling/zhimolost-lazurnaya/,https://green-courtyard.space/catalog/zhimolost-lazurnaya
https://www.green-dvorik.ru/catalog/seedling/zhimolost-morena/,https://green-courtyard.space/catalog/zhimolost-morena
https://www.green-dvorik.ru/catalog/seedling/zhimolost-morena-3-goda-/,https://green-courtyard.space/catalog/zhimolost-morena-3-goda
https://www.green-dvorik.ru/catalog/seedling/zhimolost-nimfa/,https://green-courtyard.space/catalog/zhimolost-nimfa
https://www.green-dvorik.ru/catalog/seedling/zhimolost-sedobnaya-lakomka/,https://green-courtyard.space/catalog/zhimolost-sedobnaya-lakomka
https://www.green-dvorik.ru/catalog/seedling/zhimolost-slavyanka-4-goda-/,https://green-courtyard.space/catalog/zhimolost-slavyanka-4-goda
https://www.green-dvorik.ru/catalog/seedling/zhimolost-varshava-3-goda-/,https://green-courtyard.space/catalog/zhimolost-varshava-3-goda
https://www.green-dvorik.ru/catalog/seedling/zhimolost-zolushka/,https://green-courtyard.space/catalog/zhimolost-zolushka
